{
  "stage1_coef": [
    88.27351387281576,
    -6.200729135316892,
    0.8863252722818534
  ],
  "stage1_intercept": 58.347614970700974,
  "stage1_features": [
    "sine_amp",
    "Kurt",
    "Skew"
  ],
  "stage2_coef": [
    -1.0875643564219197,
    -0.8648682768736524
  ],
  "stage2_intercept": 58.71758756291298,
  "stage2_features": [
    "T",
    "RH"
  ],
  "temp_window": [
    29.5,
    30.5
  ],
  "rmse_before": 22.96951282729927,
  "rmse_after": 17.435589016259865
}